{"GT": {"mean": [0.9743333429098129, 0.7949999988079071, 0.973333336909612, 0.9676666696866353], "std": [0.018290863357643607, 0.08245200797215986, 0.01885618778587666, 0.03242256421440838]}, "CNN": {"mean": [0.9873333434263866, 0.7840000033378601, 0.22533333251873652, 0.23166666726271312], "std": [0.012092231057109302, 0.04543126533547888, 0.043107101456062044, 0.04123779451210442]}, "CNNFeat": {"mean": [0.9763333419958751, 0.2909999985868732, 0.19233333319425583, 0.188666666050752], "std": [0.015595589482763402, 0.37269603232784787, 0.050244954849795076, 0.032427695856253824]}, "MultiCNNs": {"mean": [0.9736666758855184, 0.48999999860922494, 0.5373333295186361, 0.5673333297173182], "std": [0.023872349503745866, 0.11483321109432175, 0.046110978624368186, 0.03940671731428605]}, "VAE": {"mean": [0.6740000009536743, 0.34000000208616254, 0.3856666644414266, 0.3873333324988683], "std": [0.04521062186406885, 0.11138522177326945, 0.04602052447881883, 0.048437817011517746]}, "MAE-CLS": {"mean": [0.4479999949534734, 0.12866666683306296, 0.20866666833559672, 0.2056666649878025], "std": [0.04664761305130471, 0.09006417553691203, 0.04232676925418765, 0.04263670847876112]}, "SLATE-CNN": {"mean": [0.9049999992052714, 0.40933333163460095, 0.24866666595141093, 0.22966666420300802], "std": [0.04006244577294465, 0.22899684611028057, 0.05090732455669301, 0.0355418366524651]}, "MAE-Patch": {"mean": [0.9013333320617676, 0.04866666595141093, 0.21633333265781401, 0.21866666699449222], "std": [0.027535838848971157, 0.02232089180291576, 0.03459126315453246, 0.04232677103791029]}, "SLATE": {"mean": [0.9853333453337352, 0.7873333315054576, 0.9790000100930532, 0.9800000091393789], "std": [0.012310782556444268, 0.09426675632379154, 0.014224396089771387, 0.016124517369508234]}, "Slot-Attention": {"mean": [0.9830000142256419, 0.0, 0.975000011920929, 0.9473333319028219], "std": [0.011590220370776554, 0.0, 0.014776111572595913, 0.023228332764584077]}, "Slot-Attention-Large": {"mean": [0.9856666783491771, 0.046999999632438026, 0.967333334684372, 0.970000006755193], "std": [0.009195406259045672, 0.04405678136659082, 0.021898760553050244, 0.01612452353038266]}, "IODINE": {"mean": [0.9163333316644032, 0.0029999999329447745, 0.7006666660308838, 0.6239999959866206], "std": [0.03038457384271816, 0.004582575592527291, 0.15442222653930535, 0.1346006450429558]}}