{"GT": {"mean": [0.9743333429098129, 0.7949999988079071, 0.973333336909612, 0.9676666696866353], "max": [0.010666671395301863, 0.0759999990463257, 0.0036666671435038323, 0.014333335558573412], "min": [0.01833334863185876, 0.09300000071525572, 0.0073333342870076645, 0.028666671117146714], "std": [0.018290863357643607, 0.08245200797215986, 0.01885618778587666, 0.03242256421440838]}, "Single-Vector Rep. E2E Learning": {"mean": [0.9873333434263866, 0.7840000033378601, 0.22533333251873652, 0.23166666726271312], "max": [0.0016666611035663914, 0.012000000476837136, 0.0076666673024495535, 0.020333336790402723], "min": [0.0013333300749461818, 0.01800000071525576, 0.010333333412806206, 0.013666669527689634], "std": [0.012092231057109302, 0.04543126533547888, 0.043107101456062044, 0.04123779451210442]}, "Fixed-Region Rep. E2E Learning": {"mean": [0.9763333419958751, 0.2909999985868732, 0.19233333319425583, 0.188666666050752], "max": [0.005666669209798192, 0.5249999980752666, 0.0256666660308838, 0.00433333317438761], "min": [0.004333333174387666, 0.2639999990041057, 0.0483333334326744, 0.0056666662295659365], "std": [0.015595589482763402, 0.37269603232784787, 0.050244954849795076, 0.032427695856253824]}, "OCR E2E Learning": {"mean": [0.9736666758855184, 0.48999999860922494, 0.5373333295186361, 0.5673333297173182], "max": [0.007333342234293605, 0.1360000004371007, 0.0096666733423868, 0.008666657408078482], "min": [0.009666671355565315, 0.10100000003973642, 0.018333341677983617, 0.0043333301941553826], "std": [0.023872349503745866, 0.11483321109432175, 0.046110978624368186, 0.03940671731428605]}, "Single-Vector Rep. Pretraining": {"mean": [0.6756666650374731, 0.23433333445961277, 0.28099999957614474, 0.27422222056322626], "max": [0.24733333686987558, 0.23166667114322384, 0.12199999756283231, 0.11777777812547158], "min": [0.23066667219003045, 0.2163333346756796, 0.08499999427133137, 0.07922222399049333], "std": [0.19170608431559516, 0.14637129609186292, 0.08894505001776415, 0.09111626021282845]}, "Fixed-Region Rep. Pretraining": {"mean": [0.9013333320617676, 0.04866666595141093, 0.21633333265781401, 0.21866666699449222], "max": [0.004666668176650957, 0.009333333124717076, 0.012666665017604828, 0.001333332558472955], "min": [0.0033333301544189453, 0.008666666286687053, 0.0073333337903022655, 0.0016666653255621722], "std": [0.027535838848971157, 0.02232089180291576, 0.03459126315453246, 0.04232677103791029]}, "OCR Pretraining": {"mean": [0.9675833423932393, 0.2093333327677101, 0.9055000056823095, 0.8803333359460036], "max": [0.021416668097178237, 0.6556666648481042, 0.07650000552336378, 0.10166666929920509], "min": [0.06258334120114639, 0.2093333327677101, 0.38150001068909967, 0.35033334071437516], "std": [0.03464092021383248, 0.3382595968207096, 0.14209064519191789, 0.1638186708230081]}}